repo,create_date
x,2024-09-05T16:31:05Z
x,2024-11-06T22:35:07Z
x,2024-01-08T18:38:37Z
x,2024-03-07T17:51:19Z
x,2024-03-28T02:07:23Z
x,2022-01-13T21:33:10Z
x,2024-11-19T02:06:48Z
x,2024-09-18T15:59:42Z
x,2024-10-25T21:05:41Z
x,2024-07-18T19:25:29Z
x,2023-04-11T17:46:24Z
x,2024-04-29T21:48:15Z
x,2023-09-13T18:15:30Z
x,2021-11-19T16:26:11Z
x,2024-03-12T16:58:51Z
x,2023-11-07T18:02:47Z
x,2023-12-07T00:07:37Z
x,2021-06-28T19:41:15Z
x,2024-05-02T20:22:52Z
x,2024-11-06T16:37:36Z
x,2024-10-29T22:27:09Z
x,2024-09-05T16:31:05Z
x,2024-11-06T22:35:07Z
x,2024-01-08T18:38:37Z
x,2024-03-07T17:51:19Z
x,2024-03-28T02:07:23Z
x,2022-01-13T21:33:10Z
x,2024-11-19T02:06:48Z
x,2024-09-18T15:59:42Z
x,2024-10-25T21:05:41Z
x,2024-07-18T19:25:29Z
x,2023-04-11T17:46:24Z
x,2024-04-29T21:48:15Z
x,2023-09-13T18:15:30Z
x,2021-11-19T16:26:11Z
x,2024-03-12T16:58:51Z
x,2023-11-07T18:02:47Z
x,2023-12-07T00:07:37Z
x,2021-06-28T19:41:15Z
x,2024-05-02T20:22:52Z
x,2024-11-06T16:37:36Z
x,2024-10-29T22:27:09Z
x,2022-07-26T21:16:38Z
x,2023-09-13T23:55:42Z
x,2024-11-08T00:12:16Z
x,2024-11-13T00:34:43Z
x,2022-08-16T23:32:01Z
x,2024-11-06T17:46:02Z
x,2024-08-27T15:16:44Z
x,2021-07-13T15:42:22Z
x,2023-10-27T23:53:03Z
x,2022-10-17T03:42:14Z
x,2023-03-22T17:52:05Z
x,2022-08-15T15:13:54Z
x,2024-11-07T23:51:39Z
x,2024-11-07T22:50:08Z
x,2024-11-07T19:15:44Z
x,2024-09-17T21:15:11Z
x,2024-10-23T15:43:30Z
x,2024-09-05T18:51:05Z
x,2022-07-12T21:22:45Z
x,2024-11-06T14:44:25Z
x,2023-10-23T23:02:58Z
x,2023-08-10T21:06:26Z
x,2023-04-05T14:46:30Z
x,2024-08-26T15:36:52Z
x,2024-01-16T16:20:54Z
x,2022-11-01T16:58:17Z
x,2023-05-26T15:33:16Z
x,2024-08-27T19:55:27Z
x,2023-06-09T01:47:51Z
x,2023-01-19T14:53:58Z
x,2024-09-03T22:41:25Z
x,2024-09-25T14:49:29Z
x,2024-08-27T16:06:18Z
x,2024-08-27T18:19:03Z
x,2024-08-07T14:55:32Z
x,2024-05-22T22:09:15Z
x,2024-01-16T16:22:41Z
x,2024-10-09T20:57:22Z
x,2024-06-17T20:41:42Z
x,2024-10-17T21:02:41Z
x,2023-08-18T16:15:03Z
x,2024-08-22T13:45:57Z
x,2024-10-08T17:51:53Z
x,2024-08-21T22:48:27Z
x,2024-10-10T13:11:56Z
x,2024-10-10T13:10:07Z
x,2024-05-22T22:17:47Z
x,2023-05-31T16:32:23Z
x,2024-08-28T20:17:33Z
x,2024-10-07T15:36:23Z
x,2024-03-08T19:24:34Z
x,2024-04-10T15:39:46Z
x,2024-07-02T21:01:35Z
x,2021-08-04T19:40:00Z
x,2024-02-01T19:18:28Z
x,2023-08-29T21:40:25Z
x,2023-08-14T20:04:45Z
x,2023-07-06T15:52:58Z
x,2024-09-27T18:28:05Z
x,2024-09-25T16:10:23Z
x,2023-04-25T17:14:20Z
x,2024-06-25T23:17:47Z
x,2023-05-22T16:10:21Z
x,2022-06-27T17:42:02Z
x,2024-09-20T18:06:47Z
x,2024-05-29T22:50:40Z
x,2024-07-25T19:51:53Z
x,2024-09-17T21:23:19Z
x,2022-07-14T16:29:10Z
x,2023-09-20T21:10:20Z
x,2024-07-29T18:37:47Z
x,2024-02-08T20:12:42Z
x,2024-02-02T22:34:14Z
x,2021-05-25T21:57:55Z
x,2024-09-04T18:11:57Z
x,2024-05-01T18:46:36Z
x,2024-03-29T20:30:16Z
x,2024-08-08T17:15:13Z
x,2022-09-21T17:44:10Z
x,2024-07-16T20:01:07Z
x,2024-08-26T13:59:27Z
x,2024-08-20T19:20:08Z
x,2024-08-21T23:07:29Z
x,2024-07-23T18:26:02Z
x,2024-06-26T21:48:58Z
x,2023-03-30T15:40:17Z
x,2024-06-26T20:42:19Z
x,2024-08-16T16:40:52Z
x,2024-06-27T17:29:42Z
x,2024-08-12T19:54:53Z
x,2021-05-06T20:19:13Z
x,2021-06-08T14:38:11Z
x,2024-08-08T18:36:40Z
x,2024-08-02T18:16:31Z
x,2022-08-10T21:41:02Z
x,2023-08-29T18:53:23Z
x,2023-12-14T16:26:04Z
x,2024-02-15T16:27:03Z
x,2024-07-29T19:23:04Z
x,2024-01-24T20:13:47Z
x,2024-07-03T21:25:40Z
x,2023-07-12T16:27:19Z
x,2024-04-11T21:26:25Z
x,2024-05-20T23:40:42Z
x,2024-07-18T23:21:33Z
x,2023-01-11T18:38:17Z
x,2024-07-18T15:23:40Z
x,2024-06-27T19:09:41Z
x,2024-07-11T19:20:07Z
x,2024-07-16T15:19:59Z
x,2024-07-11T19:09:27Z
x,2024-06-13T13:21:50Z
x,2024-07-10T16:27:05Z
x,2022-01-06T05:41:47Z
x,2024-07-08T21:55:21Z
x,2023-01-31T22:01:18Z
x,2024-07-01T22:02:50Z
x,2022-11-16T16:32:35Z
x,2023-12-12T18:08:33Z
x,2023-09-20T15:54:39Z
x,2024-06-17T22:16:42Z
x,2024-06-13T19:27:09Z
x,2024-04-17T00:41:02Z
x,2023-08-11T21:29:34Z
x,2024-06-05T17:45:36Z
x,2024-01-29T02:56:20Z
x,2023-05-17T18:18:57Z
x,2024-04-08T17:15:59Z
x,2022-02-16T18:58:14Z
x,2024-05-06T22:49:22Z
x,2023-05-11T20:40:23Z
x,2021-10-18T20:54:37Z
x,2024-05-23T19:51:25Z
x,2022-08-09T17:42:48Z
x,2024-03-29T19:48:20Z
x,2022-08-12T22:10:11Z
x,2024-05-21T14:24:27Z
x,2023-05-08T21:02:11Z
x,2024-05-20T20:39:15Z
x,2023-03-30T15:37:50Z
x,2024-05-13T17:43:27Z
x,2024-05-09T17:41:35Z
x,2024-03-01T20:43:09Z
x,2024-05-06T15:24:30Z
x,2024-05-03T16:37:31Z
x,2021-06-29T18:53:35Z
x,2022-09-26T22:31:02Z
x,2024-05-01T21:46:41Z
x,2024-02-02T15:49:49Z
x,2024-04-17T21:10:26Z
x,2024-04-18T19:39:26Z
x,2024-04-18T00:50:58Z
x,2024-04-11T16:56:11Z
x,2024-04-11T17:53:22Z
x,2023-12-08T18:49:47Z
x,2023-12-07T17:47:06Z
x,2024-02-16T18:00:36Z
x,2024-03-26T16:48:31Z
x,2023-12-18T23:28:46Z
x,2024-03-29T18:14:31Z
x,2024-03-28T00:45:13Z
x,2022-06-14T19:48:11Z
x,2024-02-29T18:17:26Z
x,2024-03-19T22:01:20Z
x,2023-09-15T18:30:20Z
x,2023-04-04T16:32:45Z
x,2022-09-15T17:30:33Z
x,2024-01-31T16:12:28Z
x,2024-03-08T17:54:09Z
x,2024-01-30T22:03:48Z
x,2022-10-07T20:13:52Z
x,2024-02-12T17:25:14Z
x,2023-09-25T17:43:36Z
x,2023-11-15T18:53:18Z
x,2021-10-28T17:53:18Z
x,2023-12-22T17:41:20Z
x,2022-10-07T18:56:18Z
x,2022-07-29T15:09:39Z
x,2023-05-22T18:41:16Z
x,2024-01-05T19:24:27Z
x,2023-12-13T16:29:57Z
x,2022-08-10T21:38:28Z
x,2023-07-11T23:25:28Z
x,2023-10-25T17:44:32Z
x,2022-07-21T21:51:52Z
x,2023-10-19T15:52:24Z
x,2023-10-30T16:18:35Z
x,2022-12-14T00:25:17Z
x,2023-11-14T17:21:00Z
x,2022-09-29T00:37:30Z
x,2023-11-02T16:29:42Z
x,2023-09-25T16:53:50Z
x,2023-10-30T15:10:50Z
x,2023-10-27T01:19:47Z
x,2023-09-25T16:16:46Z
x,2023-05-03T20:52:45Z
x,2023-04-05T21:04:02Z
x,2023-04-26T22:36:59Z
x,2023-10-04T21:55:18Z
x,2023-08-30T15:48:19Z
x,2023-09-28T15:05:00Z
x,2022-12-21T19:39:06Z
x,2023-09-21T18:55:27Z
x,2023-08-15T22:30:02Z
x,2023-05-11T20:44:30Z
x,2023-02-13T18:12:47Z
x,2023-09-12T21:44:21Z
x,2023-08-07T14:42:21Z
x,2023-07-03T17:34:35Z
x,2023-08-24T14:27:46Z
x,2023-01-04T17:23:02Z
x,2021-07-06T19:16:25Z
x,2022-07-14T16:24:08Z
x,2022-10-03T18:24:55Z
x,2023-08-08T20:25:25Z
x,2023-08-04T21:03:50Z
x,2021-06-09T16:30:09Z
x,2021-12-16T20:16:50Z
x,2021-08-09T16:32:34Z
x,2023-07-20T15:13:33Z
x,2023-06-26T18:30:11Z
x,2023-07-05T18:46:29Z
x,2023-06-22T23:56:17Z
x,2023-02-15T23:23:40Z
x,2023-02-14T14:36:29Z
x,2023-01-19T22:14:44Z
x,2021-08-03T20:19:30Z
x,2023-01-12T22:09:50Z
x,2023-06-02T18:15:17Z
x,2023-06-05T16:58:37Z
x,2023-04-18T18:21:51Z
x,2021-06-18T17:58:03Z
x,2023-06-01T23:46:14Z
x,2023-04-26T14:40:08Z
x,2023-05-25T14:28:44Z
x,2023-05-23T23:28:14Z
x,2023-05-19T22:37:09Z
x,2023-05-18T14:50:40Z
x,2023-04-26T21:11:12Z
x,2022-08-10T21:32:01Z
x,2023-05-04T18:38:44Z
x,2023-05-01T20:07:41Z
x,2023-04-27T23:03:24Z
x,2021-11-03T22:16:42Z
x,2021-06-18T18:01:54Z
x,2023-02-15T22:04:22Z
x,2021-02-19T21:47:45Z
x,2022-09-15T18:14:36Z
x,2023-03-02T22:13:41Z
x,2023-01-31T17:54:06Z
x,2023-04-04T15:43:24Z
x,2022-08-15T15:16:05Z
x,2022-09-14T15:43:34Z
x,2022-07-14T16:28:33Z
x,2022-07-14T16:27:49Z
x,2022-07-14T16:27:08Z
x,2022-07-14T16:26:25Z
x,2022-07-14T16:25:30Z
x,2022-07-14T16:23:12Z
x,2022-07-14T16:22:17Z
x,2023-04-03T15:49:01Z
x,2023-03-07T17:39:25Z
x,2023-03-16T21:14:21Z
x,2022-12-15T15:51:11Z
x,2023-03-21T18:53:00Z
x,2023-03-16T21:15:32Z
x,2023-03-15T20:41:15Z
x,2022-11-08T20:04:26Z
x,2023-02-23T16:28:36Z
x,2023-03-06T22:06:14Z
x,2023-02-17T17:00:48Z
x,2021-11-10T14:11:03Z
x,2023-02-22T20:19:00Z
x,2023-02-22T16:30:56Z
x,2023-02-13T22:51:44Z
x,2021-11-23T15:38:24Z
x,2023-02-14T15:46:02Z
x,2023-02-10T01:28:06Z
x,2023-02-10T01:26:41Z
x,2023-02-09T20:53:34Z
x,2022-02-02T00:48:41Z
x,2023-02-08T19:30:55Z
x,2023-02-07T20:13:49Z
x,2023-02-01T00:03:33Z
x,2022-04-15T18:08:18Z
x,2023-01-09T15:00:12Z
x,2023-01-13T17:20:21Z
x,2023-01-03T18:54:42Z
x,2022-12-30T20:45:33Z
x,2022-12-29T18:02:09Z
x,2022-12-21T23:47:13Z
x,2022-12-22T19:04:26Z
x,2022-12-19T04:24:25Z
x,2022-12-08T21:53:44Z
x,2022-10-20T23:38:31Z
x,2022-12-06T21:55:07Z
x,2022-12-02T22:33:28Z
x,2022-11-21T00:21:19Z
x,2021-06-09T16:39:54Z
x,2022-11-03T20:14:00Z
x,2022-11-16T16:18:09Z
x,2022-05-26T17:28:27Z
x,2022-09-07T15:54:59Z
x,2022-09-15T15:39:01Z
x,2021-12-15T21:59:39Z
x,2022-06-02T13:11:49Z
x,2022-09-21T14:22:49Z
x,2022-08-09T19:40:26Z
x,2022-10-11T22:08:34Z
x,2022-10-10T18:33:40Z
x,2022-07-12T21:27:51Z
x,2022-07-14T23:05:28Z
x,2021-02-09T13:56:25Z
x,2021-09-15T12:04:55Z
x,2021-06-14T16:33:57Z
x,2022-09-14T15:56:06Z
x,2022-01-04T20:14:48Z
x,2022-08-26T18:46:07Z
x,2022-08-26T19:01:49Z
x,2022-08-23T18:43:35Z
x,2021-03-24T15:05:40Z
x,2022-08-10T17:52:56Z
x,2022-08-16T01:13:09Z
x,2022-08-22T17:59:04Z
x,2022-08-12T15:37:44Z
x,2022-08-10T21:17:38Z
x,2021-12-06T20:27:51Z
x,2022-08-09T16:22:58Z
x,2022-05-10T21:12:31Z
x,2022-08-05T19:11:07Z
x,2021-12-09T00:53:10Z
x,2022-07-29T21:09:41Z
x,2022-07-26T21:00:39Z
x,2022-05-09T18:39:34Z
x,2022-07-19T22:31:03Z
x,2021-10-12T17:28:12Z
x,2022-07-14T18:46:52Z
x,2022-07-13T18:29:57Z
x,2021-03-02T02:52:21Z
x,2022-06-30T18:09:37Z
x,2022-06-22T22:51:48Z
x,2022-02-04T17:39:50Z
x,2022-02-12T00:37:23Z
x,2022-05-31T18:49:15Z
x,2022-05-17T19:44:36Z
x,2022-04-28T17:14:32Z
x,2022-05-03T23:31:25Z
x,2021-10-14T22:39:41Z
x,2022-05-02T16:39:28Z
x,2022-02-22T17:03:59Z
x,2022-03-15T18:27:07Z
x,2021-10-06T03:16:43Z
x,2022-02-22T16:37:18Z
x,2022-02-03T16:14:24Z
x,2022-01-19T21:57:00Z
x,2022-01-05T19:31:19Z
x,2021-12-16T22:39:55Z
x,2021-12-02T23:28:23Z
x,2021-10-21T22:29:25Z
x,2021-11-16T17:30:56Z
x,2021-11-09T23:28:22Z
x,2021-07-07T21:02:05Z
x,2021-11-02T17:58:51Z
x,2021-06-09T16:51:01Z
x,2021-10-13T23:29:54Z
x,2021-02-17T18:56:09Z
x,2021-04-26T14:01:04Z
x,2021-09-24T20:19:37Z
x,2021-08-31T19:05:14Z
x,2021-08-13T17:07:49Z
x,2021-06-14T16:29:47Z
x,2021-02-15T21:08:59Z
x,2021-07-23T17:46:01Z
x,2021-04-07T15:00:13Z
x,2021-07-06T19:14:22Z
x,2021-06-29T17:11:11Z
x,2021-06-23T22:02:25Z
x,2021-06-11T13:38:43Z
x,2021-06-09T15:02:58Z
x,2021-02-12T15:22:11Z
x,2020-04-11T15:53:56Z
x,2021-02-12T17:54:18Z
x,2021-02-12T17:34:25Z
x,2020-05-30T19:06:01Z
x,2020-04-09T16:00:04Z
x,2020-04-11T15:34:48Z
x,2020-04-11T15:29:18Z
x,2020-04-11T15:52:03Z
x,2020-04-11T15:50:40Z
x,2020-04-11T15:47:22Z
x,2020-04-11T15:46:23Z
x,2020-04-11T15:42:37Z
x,2020-04-06T16:32:35Z
x,2020-04-06T15:28:21Z
